D�pose Velux et �vacuation gravat;U;85.00
Fabrication lin�oir et pose V�lux sur couverture tuile;U;310.00
Fabrication lin�oir et pose V�lux sur couverture ardoise ou tuile plate;U;340.00
V�lux GGL confort 55x78;U;265.00
V�lux GGU confort 55x78;U;345.00
Piaccord tuile 55x78;U;60.00
Piaccord ardoise 55x78;U;80.00
V�lux GGL confort 78x98;U;325.00
V�lux GGL confort 134x98;U;615.00
Piaccord tuile 78x98;U;65.00
Piaccord ardoise 78x98;U;90.00
Piaccord tuile 134x95;U;80.0
Piaccord ardoise 134x98;U;100.00
Store d'occultation interieur 55x78 DKL;U;45.00
Store d'occultation interieur 78x98 DKL;U;65.0
Store d'occultation interieur 134x98 DKL;U;105.00
Pose store d'occulation;U;20.00
Canne 80cm;U;25.00
